Organization Name,Contact Email,Industry,Website,Logo URL
Gwinnett County Public Schools,MySchoolBoard@gcpsk12.org,Education (Public Schools),https://www.gcpsk12.org,https://upload.wikimedia.org/wikipedia/commons/e/e0/Gwinnett_County_Public_Schools_logo.svg
Atlanta Braves,groups@braves.com,Professional Sports,https://www.mlb.com/braves,https://upload.wikimedia.org/wikipedia/commons/e/e8/Atlanta_Braves_Insignia.svg
Atlanta Hawks,hawkscamps@hawks.com,Professional Sports,https://www.nba.com/hawks,https://upload.wikimedia.org/wikipedia/en/2/24/Atlanta_Hawks_logo.svg
Atlanta Falcons,fans@falcons.nfl.com,Professional Sports,https://www.atlantafalcons.com,https://upload.wikimedia.org/wikipedia/en/c/cr/Atlanta_Falcons_logo.svg
Georgia Institute of Technology,admission@gatech.edu,Higher Education,https://www.gatech.edu,https://logo.clearbit.com/gatech.edu
12Stone Church,info@12stone.com,Mega Church,https://12stone.com,https://logo.clearbit.com/12stone.com
Slow Pour Brewing Company,info@slowpourbrewing.com,Brewery,https://slowpourbrewing.com,https://logo.clearbit.com/slowpourbrewing.com
Aurora Theatre,boxoffice@auroratheatre.com,Performing Arts,https://auroratheatre.com,https://logo.clearbit.com/auroratheatre.com
Gwinnett Chamber of Commerce,info@gwinnettchamber.org,Chamber of Commerce,https://www.gwinnettchamber.org,https://logo.clearbit.com/gwinnettchamber.org
Atlanta Gladiators,hockey@atlantagladiators.com,Minor League Sports,https://atlantagladiators.com,https://logo.clearbit.com/atlantagladiators.com
Optima Dental,info@optimafamilydentist.com,Dental Office,https://optimafamilydentist.com,https://logo.clearbit.com/optimafamilydentist.com
Georgia Smiles Dentistry,mygeorgiasmiles@gmail.com,Dental Office,https://mygeorgiasmiles.com,https://logo.clearbit.com/mygeorgiasmiles.com
Discovery High School,DiscoveryHSCommunitySchool@gcpsk12.org,High School,https://www.gcpsk12.org/DiscoveryHS,https://ui-avatars.com/api/?name=Discovery+High+School&background=random&color=fff&size=512
Twin City Realty,Listings@TwinCityRealty.net,Real Estate,https://twincityrealtyga.com,https://logo.clearbit.com/twincityrealtyga.com
St. Lawrence Catholic Church,info@saintlaw.org,Church,https://saintlaw.org,https://logo.clearbit.com/saintlaw.org
Nash Chevrolet,fleet@nashchevy.com,Auto Dealership,https://www.nashchevy.com,https://logo.clearbit.com/nashchevy.com
Lawrenceville Dentistry,Dentist@LawrencevilleDentistry.com,Dental Office,https://lawrencevilledentistry.com,https://logo.clearbit.com/lawrencevilledentistry.com
Gwinnett Family Dental Care,ebony@gwinnettfamilydentalcare.com,Dental Office,https://gwinnettfamilydentalcare.com,https://logo.clearbit.com/gwinnettfamilydentalcare.com
Premier Plumbing & Heating,contact@mrplumbingheating.com,Plumbing Services,https://mrplumbingheating.com,https://logo.clearbit.com/mrplumbingheating.com
First Baptist Church of Lawrenceville,info@lawrencevillefbc.org,Church,https://lawrencevillefirst.org,https://logo.clearbit.com/lawrencevillefirst.org
Optima Dental,info@optimafamilydentist.com,Dental Office,https://optimafamilydentist.com,https://logo.clearbit.com/optimafamilydentist.com
Georgia Smiles Dentistry,mygeorgiasmiles@gmail.com,Dental Office,https://mygeorgiasmiles.com,https://logo.clearbit.com/mygeorgiasmiles.com
Discovery High School,DiscoveryHSCommunitySchool@gcpsk12.org,High School,https://www.gcpsk12.org/DiscoveryHS,https://ui-avatars.com/api/?name=Discovery+High+School&background=random&color=fff&size=512
Twin City Realty,Listings@TwinCityRealty.net,Real Estate,https://twincityrealtyga.com,https://logo.clearbit.com/twincityrealtyga.com
St. Lawrence Catholic Church,info@saintlaw.org,Church,https://saintlaw.org,https://logo.clearbit.com/saintlaw.org
Peach State Federal Credit Union,psfcu@peachstatefcu.org,Credit Union,https://peachstatefcu.org,https://www.peachstatefcu.org/hs-fs/hubfs/_brand/logoPSFCU@2x.png
Gwinnett Clinic,help@gwinnettclinic.com,Medical Clinic,https://www.gwinnettclinic.com,https://www.gwinnettclinic.com/wp-content/uploads/2025/04/web-app-manifest-512x512-1.png
Transforming Smiles,office@gwinnettsmiles.com,Dental Office,https://gwinnettsmiles.com,https://gwinnettsmiles.com/assets/images/logo-header.svg
Southeastern Railway Museum,execdirector@train-museum.com,Museum,https://www.train-museum.org,https://www.train-museum.org/wp-content/uploads/2021/07/cropped-southern-railway-museum-logo.png
Gwinnett Clean & Beautiful,gwinnettcb@gwinnettcb.org,Non-Profit,https://www.gwinnettcb.org,https://gwinnettcb.org/wp-content/uploads/2021/03/cropped-GCB_Sitelogo-01-1-192x192.png
Atlanta Dream,CustomerService@AtlantaDream.net,Professional Women's Basketball,https://dream.wnba.com,https://en.wikipedia.org/wiki/Special:FilePath/Atlanta_Dream_logo.svg
Emory University,admission@emory.edu,Higher Education,https://www.emory.edu,https://en.wikipedia.org/wiki/Special:FilePath/Emory_University_Seal.svg
Atlanta United FC,Fans@atlutd.com,Major League Soccer,https://www.atlutd.com,https://en.wikipedia.org/wiki/Special:FilePath/Atlanta_United_FC_logo.svg
Clark Atlanta University,admissions@cau.edu,Higher Education,https://www.cau.edu,https://en.wikipedia.org/wiki/Special:FilePath/Clark_Atlanta_University_seal.png
Zoo Atlanta,guestexperience@zooatlanta.org,Zoo / Attraction,https://zooatlanta.org,https://en.wikipedia.org/wiki/Special:FilePath/Zoo_Atlanta_logo.png
Air Science Heating and Air,airsciencehvacatl@gmail.com,HVAC,https://airsciencehvac.net,https://logo.clearbit.com/airsciencehvac.net
Comfort Guardians,contact@comfortguardianshvac.com,HVAC,https://comfortguardianshvac.com,https://logo.clearbit.com/comfortguardianshvac.com
GA Top Roofing LLC,sales@gatoproofing.com,Roofing,https://gatoproofingllc.com,https://logo.clearbit.com/gatoproofingllc.com
ITM Landscape,office@itmlandscape.com,Landscaping,https://itmlandscape.com,https://logo.clearbit.com/itmlandscape.com
Kalahari Electrical Services,info@kalahari-electrical.com,Electrical Services,https://kalahari-electrical.com,https://logo.clearbit.com/kalahari-electrical.com
Fast Apparel Test,shopfastapparel@gmail.com,Test Industry,https://www.shopfastapparel.com,https://www.shopfastapparel.com/assets/logo-jiaNr5LV.png
CrossFit JagLion,info@crossfitjaglion.com,CrossFit Gym,https://www.crossfitjaglion.com,https://logo.clearbit.com/crossfitjaglion.com
IRONSHIELD Brewing,tyler@ironshieldbrewing.com,Brewery,https://www.ironshieldbrewing.com,https://logo.clearbit.com/ironshieldbrewing.com
Strange Taco Bar,info@strangetacobar.com,Restaurant,https://www.strangetacobar.com,https://logo.clearbit.com/strangetacobar.com
Hebron Christian Academy,advancement@hebronlions.org,Private School,https://www.hebronlions.org,https://logo.clearbit.com/hebronlions.org
Greater Atlanta Christian School,info@greateratlantachristian.org,Private School,https://www.greateratlantachristian.org,https://logo.clearbit.com/greateratlantachristian.org
Cross Pointe Church,contactus@crosspointechurch.com,Church,https://crosspointechurch.com,https://logo.clearbit.com/crosspointechurch.com
Peach Roofing,info@peachroofing.com,Roofing,https://peachroofing.com,https://logo.clearbit.com/peachroofing.com
Amberview Landscaping,info@amberviewlandscaping.net,Landscaping,https://amberviewlandscaping.net,https://logo.clearbit.com/amberviewlandscaping.net
Everette Law Firm,jeverette@everettefirm.com,Law Firm,https://www.everettefirm.com,https://logo.clearbit.com/everettefirm.com
Accounting Specialties & Tax Solutions,info@accountingspecialties.com,CPA Firm,https://accountingspecialties.com,https://logo.clearbit.com/accountingspecialties.com
Lawrenceville Presbyterian Church,comm@lawrencevillepresbyterian.org,Church,https://lawrencevillepresbyterian.org,https://logo.clearbit.com/lawrencevillepresbyterian.org
Translated Believers Church,Translatedbelievers@gmail.com,Church,https://translatedbelieverschurch.org,https://logo.clearbit.com/translatedbelieverschurch.org
Gracepointe Community Church,gracepointecc787@gmail.com,Church,https://gracepte.com,https://logo.clearbit.com/gracepte.com
E & E Contractors LLC,e_e_networking@hotmail.com,Landscaping,https://eandecontractors.com,https://logo.clearbit.com/eandecontractors.com
Trim Lawn Services,trimlawn@outlook.com,Landscaping,https://trimlawnservices.com,https://logo.clearbit.com/trimlawnservices.com
Georgia Swarm,info@georgiaswarm.com,Sports,https://www.georgiaswarm.com,https://upload.wikimedia.org/wikipedia/en/thumb/e/ef/Georgia_Swarm_logo.svg/1200px-Georgia_Swarm_logo.svg.png
Atlanta Dream,CustomerService@AtlantaDream.net,Sports,https://dream.wnba.com,https://upload.wikimedia.org/wikipedia/en/thumb/4/4b/Atlanta_Dream_logo.svg/1200px-Atlanta_Dream_logo.svg.png
College Park Skyhawks,info@cpskyhawks.com,Sports,https://collegepark.gleague.nba.com,https://upload.wikimedia.org/wikipedia/en/thumb/8/87/College_Park_Skyhawks_logo.svg/1200px-College_Park_Skyhawks_logo.svg.png
Atlanta Vibe,tickets@atlantavibe.com,Sports,https://atlantavibe.com,https://upload.wikimedia.org/wikipedia/en/thumb/7/7b/Atlanta_Vibe_logo.svg/1200px-Atlanta_Vibe_logo.svg.png
Emory University,admission@emory.edu,Education,https://www.emory.edu,https://upload.wikimedia.org/wikipedia/en/thumb/2/29/Emory_University_seal.svg/1200px-Emory_University_seal.svg.png
Gwinnett Stripers,shop@gostripers.com,Professional Sports,https://www.milb.com/gwinnett,https://logo.clearbit.com/gostripers.com
J&M Auto Center,jandmautocenter@gmail.com,Auto Repair,https://jandmautocenter.net,https://logo.clearbit.com/jandmautocenter.net
Collins Hill High School,collins.hill.community.school@gcpsk12.org,High School,https://www.gcpsk12.org/CollinsHillHS,https://logo.clearbit.com/gcpsk12.org
Georgia Gwinnett College,StudentAffairs@ggc.edu,Higher Education,https://www.ggc.edu,https://en.wikipedia.org/wiki/Special:FilePath/Georgia_Gwinnett_College_logo.png
Gas South District,Info@GasSouthDistrict.com,Event Venue,https://www.gassouthdistrict.com,https://logo.clearbit.com/gassouthdistrict.com
Georgia State University,AdmissionsGuest@gsu.edu,Higher Education,https://www.gsu.edu,https://logo.clearbit.com/gsu.edu
Oglethorpe University,admission@oglethorpe.edu,Higher Education,https://oglethorpe.edu,https://logo.clearbit.com/oglethorpe.edu
Morehouse College,admissions@morehouse.edu,Higher Education,https://morehouse.edu,https://logo.clearbit.com/morehouse.edu
Local Republic,info@thelocalrepublic.com,Restaurant,https://localrepublic.com,https://logo.clearbit.com/localrepublic.com
Victory Church,discoveratl@victoryatl.com,Church,https://victoryatl.com,https://logo.clearbit.com/victoryatl.com
Beans & Butter Coffeehouse,jeeves@beansandbutter.com,Cafe,https://beansandbutter.com,https://beansandbutter.com/wp-content/uploads/2017/10/cropped-favicon-1.png
Blue Rooster Bake Shop and Eatery,blueroosterbakeshop@gmail.com,Bakery,https://blueroosterbakeshops.com,https://logo.clearbit.com/blueroosterbakeshops.com
Cosmic Crumb Sourdough Bakery,ChefSteph@CosmicSourdough.com,Bakery,https://cosmicsourdough.com,https://logo.clearbit.com/cosmicsourdough.com
E. Marie Boutique,thatsjazzytome@gmail.com,Boutique,https://emarieboutique.com,https://logo.clearbit.com/emarieboutique.com
Mood Cafe,info@moodcafega.com,Cafe,https://moodcafega.com,https://logo.clearbit.com/moodcafega.com
Who's Got Soul Southern Café,chefkeithkash@gmail.com,Restaurant,https://whosgotsoulcafe.com,https://logo.clearbit.com/whosgotsoulcafe.com
Scrum-did-dly-ump-tious,helloscrumdiddlyumptious@gmail.com,Restaurant,https://scrum-did-dly-ump-tious.com,https://logo.clearbit.com/scrum-did-dly-ump-tious.com
Kingston 30,admin@kingston30.biz,Restaurant,https://kingston30.biz,https://logo.clearbit.com/kingston30.biz
Ovations Caribbean Grill,ovation103@icloud.com,Restaurant,https://eatovations.com,https://logo.clearbit.com/eatovations.com
Jay's Caribbean Cuisine,jayscc2008@gmail.com,Restaurant,https://jayscaribbean.com,https://logo.clearbit.com/jayscaribbean.com
High Museum of Art,hma.groupsales@high.org,Museum,https://high.org,https://en.wikipedia.org/wiki/Special:FilePath/High_Museum_of_Art_logo.svg
College Park Skyhawks,info@cpskyhawks.com,Minor League Sports,https://cpskyhawks.gleague.nba.com,https://en.wikipedia.org/wiki/Special:FilePath/College_Park_Skyhawks_logo.svg
Atlanta Dream,CustomerService@AtlantaDream.net,Professional Sports,https://dream.wnba.com,https://en.wikipedia.org/wiki/Special:FilePath/Atlanta_Dream_logo.svg
Zoo Atlanta,guestexperience@zooatlanta.org,Zoo,https://zooatlanta.org,https://en.wikipedia.org/wiki/Special:FilePath/Zoo_Atlanta_logo.jpg
Fernbank Museum of Natural History,Guest.Services@FernbankMuseum.org,Museum,https://fernbankmuseum.org,https://en.wikipedia.org/wiki/Special:FilePath/Fernbank_Museum_of_Natural_History_logo.svg
MasterCraft Plumbing,info@mastercraftproservices.com,Plumbing,https://mastercraftproservices.com,https://logo.clearbit.com/mastercraftproservices.com
Special Kneads and Treats,info@specialkneadsandtreats.org,Bakery,https://specialkneadsandtreats.org,https://logo.clearbit.com/specialkneadsandtreats.org
United Futbol Academy (UFA) Lawrenceville,lawrenceville@unitedfa.org,Youth Sports League,https://lawrenceville.unitedfa.org,https://logo.clearbit.com/unitedfa.org
Kinks and Curls Natural Hair Boutique,info@kinksandcurlsatlanta.com,Boutique,https://kinksandcurlsatlanta.com,https://logo.clearbit.com/kinksandcurlsatlanta.com
Mega Bakery,info@megabakery.us,Bakery,https://megabakery.us,https://logo.clearbit.com/megabakery.us
Georgia Dance Unlimited,gadanceunlimited@gmail.com,Dance Studio,https://gadanceunlimited.com,https://logo.clearbit.com/gadanceunlimited.com
North Georgia Academy of Dance,Yvonne@northgaofdance.com,Dance Studio,https://northgaofdance.com,https://logo.clearbit.com/northgaofdance.com
Cristian Barbershop,cristianbarber@cristianbarbershopllc.com,Barbershop,https://cristianbarbershopllc.com,https://logo.clearbit.com/cristianbarbershopllc.com
BlissClean Mobile Detail,service@blisscleandetail.com,Car Detailing,https://blisscleandetail.com,https://logo.clearbit.com/blisscleandetail.com
Crum's Mobile Wash & Wax,Ryan@CrumsMobile.com,Car Detailing,https://crumsmobile.com,https://logo.clearbit.com/crumsmobile.com
44th & 3rd Bookseller,info@44thand3rdbookseller.com,Bookstore,https://44thand3rdbookseller.com,https://logo.clearbit.com/44thand3rdbookseller.com
Nourish Botanica,hello@nourishbotanica.cafe,Floral & Plant Studio,https://nourishbotanica.cafe,https://logo.clearbit.com/nourishbotanica.cafe
Flowerama Lawrenceville,flowerama218@comcast.net,Florist,https://floweramalawrenceville.com,https://logo.clearbit.com/floweramalawrenceville.com
Huff's Florist,flowers@huffsflowers.com,Florist,https://huffsflowerslawrenceville.com,https://logo.clearbit.com/huffsflowerslawrenceville.com
PinkPothos,contact@pinkpothosatl.com,Plant Shop,https://pinkpothosatl.com,https://logo.clearbit.com/pinkpothosatl.com
Bridges Elite Landscapes,bridges@bridgeselitelandscapes.com,Landscaping,https://bridgeselitelandscapes.com,https://logo.clearbit.com/bridgeselitelandscapes.com
Wallis Landscape,hello@wallislandscape.com,Landscaping,https://wallislandscape.com,https://logo.clearbit.com/wallislandscape.com
Davis Martial Arts,info@davismartialarts.com,Martial Arts,https://www.davismartialarts.com,https://logo.clearbit.com/davismartialarts.com
Gracie Barra Lawrenceville,info@gblawrenceville.com,Martial Arts,https://graciebarra.com,https://logo.clearbit.com/gblawrenceville.com
Boulder Creek Coffee,info@bouldercreekcoffee.com,Coffee Shop,https://bouldercreekcoffee.com,https://logo.clearbit.com/bouldercreekcoffee.com
SweetWater Brewing Company,info@sweetwaterbrew.com,Brewery,https://www.sweetwaterbrew.com,https://logo.clearbit.com/sweetwaterbrew.com
Fox Theatre,boxoffice@foxtheatre.org,Event Venue,https://www.foxtheatre.org,https://logo.clearbit.com/foxtheatre.org
Center for Puppetry Arts,info@puppet.org,Museum,https://puppet.org,https://logo.clearbit.com/puppet.org
Atlanta Botanical Garden,info@atlantabg.org,Botanical Garden,https://atlantabg.org,https://logo.clearbit.com/atlantabg.org
Performance Power Yoga,frontdesk@ppytribe.com,Fitness,https://performancepoweryoga.com,https://logo.clearbit.com/performancepoweryoga.com
Booker T. Washington High School Athletics,dxavery@atlanta.k12.ga.us,School / Athletics,btw-athletics.com,
Water Savers Atlanta,office@wsplumbing.com,Home Services / Plumbing,watersaversatlanta.com,
Delta Plumbing of Atlanta,feedback@eduplumber.com,Home Services / Plumbing,deltaplumbingatlanta.com,
Peachtree Christian Church,info@peachtree.org,Church,peachtree.org,
Higher Ground Empowerment Center Church,contact@hgec.org,Church,hgec.org,
Comfort Guardians,contact@comfortguardianshvac.com,HVAC Services,https://comfortguardianshvac.com,https://logo.clearbit.com/comfortguardianshvac.com
Air Science Heating and Air,airsciencehvacatl@gmail.com,HVAC Services,https://airsciencehvac.net,https://logo.clearbit.com/airsciencehvac.net
CrossFit JagLion,info@crossfitjaglion.com,Fitness / CrossFit,https://crossfitjaglion.com,https://logo.clearbit.com/crossfitjaglion.com
ATL Clean,info@atlclean.com,Cleaning Service,https://atlclean.com,https://logo.clearbit.com/atlclean.com
Elevate Pro Cleaning,info@elevateprocleaning.com,Cleaning Service,https://elevateprocleaning.com,https://logo.clearbit.com/elevateprocleaning.com
Scofflaw Brewing,info@scofflawbeer.com,Brewery,https://scofflawbeer.com,https://logo.clearbit.com/scofflawbeer.com
Slutty Vegan,contactus@sluttyveganatl.com,Restaurant,https://sluttyveganatl.com,https://logo.clearbit.com/sluttyveganatl.com
Dancing Goats Coffee,info@dancinggoats.com,Coffee Shop,https://dancinggoats.com,https://logo.clearbit.com/dancinggoats.com
Vesta Movement,hello@vestaatl.com,Fitness,https://vestafitboxing.com,https://logo.clearbit.com/vestafitboxing.com
Atlanta Track Club,peachtree@atlantatrackclub.org,Sports,https://www.atlantatrackclub.org,https://logo.clearbit.com/atlantatrackclub.org
Portrait Coffee,info@portrait.coffee,Coffee Shop,https://portrait.coffee,https://logo.clearbit.com/portrait.coffee
Just Add Honey Tea Company,hello@justaddhoney.net,Tea Company,https://justaddhoney.net,https://logo.clearbit.com/justaddhoney.net
Urban Grind,info@urbangrindatlanta.com,Coffee Shop,https://urbangrindatlanta.com,https://logo.clearbit.com/urbangrindatlanta.com
Village Fitness,brandon@villagefitnesseav.com,Gym,https://villagefitnesseav.com,https://logo.clearbit.com/villagefitnesseav.com
Perry Street Chophouse,gm@perrystreetchophouse.com,Restaurant,https://perrystreetchophouse.com,https://logo.clearbit.com/perrystreetchophouse.com
EFFECT Fitness,info@effect.fitness,Gym,https://www.effect.fitness,https://logo.clearbit.com/effect.fitness
Mood Cafe,info@moodcafega.com,Cafe / Restaurant,https://www.moodcafega.com/,https://www.moodcafega.com/favicon.ico
Iron Grip Exterminators,info@irongripexterminators.com,Pest Control,https://www.irongripexterminators.com/,https://www.irongripexterminators.com/favicon.ico
Aurora Theatre,boxoffice@auroratheatre.com,Theatre / Arts,https://www.auroratheatre.com/,https://www.auroratheatre.com/favicon.ico
Slow Pour Brewing Company,info@slowpourbrewing.com,Brewery,https://slowpourbrewing.com/,https://slowpourbrewing.com/favicon.ico
Strange Taco Bar,info@strangetacobar.com,Restaurant,https://strangetacobar.com/,https://strangetacobar.com/favicon.ico
Gwinnett Citizen Fire Academy Alumni Association,gcfaaa@gmail.com,Non-Profit,https://gwinnettcfa.org,https://logo.clearbit.com/gwinnettcfa.org
Prestige Plumbing LLC,TB@prestigeplumbingatl.com,Plumbing Services,https://prestigeplumbingatl.com,https://logo.clearbit.com/prestigeplumbingatl.com
Georgia Green Pro,contact@georgiagreenpro.com,Landscaping,https://georgiagreenpro.com,https://logo.clearbit.com/georgiagreenpro.com
Thermal Heating & Air Conditioning Inc.,thermalhvac@yahoo.com,HVAC Services,https://thermalhvac.org,https://logo.clearbit.com/thermalhvac.org
Arrowhead Plumbing,info@arrowheadplumbing.net,Plumbing Services,https://arrowheadplumbing.com,https://logo.clearbit.com/arrowheadplumbing.com
Honest Star Tropical Restaurant,honeststarrestaurant@hotmail.com,Restaurant,https://honeststarrestaurant.com,https://logo.clearbit.com/honeststarrestaurant.com
Grand Polish Bakery & Store,grandpolishbakery@gmail.com,Bakery,https://grandpolishbakery.com,https://logo.clearbit.com/grandpolishbakery.com
Tier Couture Bakery,info@tiercouturebakery.com,Bakery,https://tiercouturebakery.com,https://logo.clearbit.com/tiercouturebakery.com
K-Z Auto Service and Repair LLC,info@kzautorepair.com,Auto Repair,https://kzautoservice.com,https://logo.clearbit.com/kzautoservice.com
Peachtree Dental Care,peachtreedentalcare@gmail.com,Dental Office,https://joshualeedds.com,https://logo.clearbit.com/joshualeedds.com
Georgia Athletic Soccer Club,info@georgiaathleticsc.com,Youth Soccer Club,https://georgiaathleticsc.com,https://logo.clearbit.com/georgiaathleticsc.com
Little Barn Biscuits & BBQ,littlebarnonline@gmail.com,Restaurant,https://littlebarn.com,https://logo.clearbit.com/littlebarn.com
Heavenly Hawgs BBQ,HeavenlyHawgBBQ@gmail.com,Restaurant,https://heavenlyhawgsbbq.com,https://logo.clearbit.com/heavenlyhawgsbbq.com
Lawrenceville Youth Association Basketball,info@lyabasketball.com,Youth Sports League,https://lyabasketball.com,https://logo.clearbit.com/lyabasketball.com
Hi Texture Hair Salon,customerservice@hitexturehair.com,Hair Salon,https://hitexturehair.com,https://logo.clearbit.com/hitexturehair.com
D'Floridian,customerservice@dfloridian.com,Restaurant,https://www.dfloridian.com,https://logo.clearbit.com/dfloridian.com
Universal Joint,lawrenceville@ujointbar.com,Restaurant,https://ujointbar.com,https://logo.clearbit.com/ujointbar.com
Nancy's Candy & Spice,dne2248enterprises@gmail.com,Retail,http://www.nancyscandynspice.com,https://logo.clearbit.com/nancyscandynspice.com
P.C. Electrical Solutions LLC,pcook@pcelectricalsolutions.net,Electrical Services,https://pcelectricalsolutions.net,https://logo.clearbit.com/pcelectricalsolutions.net
Premiere Roofing,info@premiereroofs.com,Roofing,https://www.premiereroofs.com,https://logo.clearbit.com/premiereroofs.com
U.S. Lawns of Lawrenceville,david.johnson@uslawns.net,Landscaping,https://uslawns.com,https://placehold.co/400x200
Trimlawn Landscape Services,trimlawn@outlook.com,Landscaping,https://trimlawnservices.com,https://placehold.co/400x200
Luxury Landscape Supply,sales@luxurylandscape.com,Landscaping,https://luxurylandscape.com,https://placehold.co/400x200
E & E Contractors LLC,e_e_networking@hotmail.com,Landscaping,https://eandecontractors.com,https://placehold.co/400x200
Arrowhead Plumbing,contact@arrowheadplumbing.com,Plumbing,https://arrowheadplumbing.com,https://placehold.co/400x200
Local Republic,info@thelocalrepublic.com,Restaurant,https://www.thelocalrepublic.com/,https://via.placeholder.com/150
McCray's Tavern Lawrenceville,contact@mccraystavern.com,Restaurant,https://mccraystavern.com/,https://via.placeholder.com/150
Peggy Slappey Properties,info@psponline.com,Real Estate Agency,https://www.psponline.com/,https://via.placeholder.com/150
MaidPro Lawrenceville,lawrenceville.ga@maidpro.com,Cleaning Service,https://www.maidpro.com/lawrenceville,https://via.placeholder.com/150
The Peach Cobbler Factory Lawrenceville,lawrenceville@peachcobblerfactory.com,Restaurant,https://www.peachcobblerfactory.com/,https://via.placeholder.com/150
Everette Law Firm,jeverette@everettefirm.com,Law Firm,www.everettefirm.com,https://via.placeholder.com/150
NGT Technology,info@ngttechnology.com,IT Company,www.ngttechnology.com,https://via.placeholder.com/150
Blue Rooster Bake Shop and Eatery,blueroosterbakeshop@gmail.com,Bakery,www.blueroosterbakeshops.com,https://via.placeholder.com/150
Atlanta Dental Spa,info@atlantadentalspa.com,Dental Office,www.atlantadentalspa.com,https://via.placeholder.com/150
Smile ATL,info@smileatl.com,Dental Office,www.smileatl.com,https://via.placeholder.com/150
Luxury Landscape Supply,sales@luxurylandscape.com,Landscaping,https://luxurylandscape.com,https://via.placeholder.com/150
Onelife Fitness Lawrenceville,lawrenceville@onelifefitness.com,Gym,https://onelifefitness.com,https://via.placeholder.com/150
Kids Crossing Learning Center,lynieceg@lvfirst.org,Daycare,https://lvfirst.org,https://via.placeholder.com/150
VG Salon Studios,info@vgsalonstudios.com,Hair Salon,https://lawrencevillegahairsalon.com,https://via.placeholder.com/150
Metro Atlanta Lawn Care,metroatlantalawncare@gmail.com,Landscaping,https://metroatlantalawncare.com,https://via.placeholder.com/150
Zona Dental Inc.,ZONADENTALATLANTA@GMAIL.COM,Dentist,https://zonadentalatl.com,https://via.placeholder.com/150
East Crogan Dental Group,FRONTDESK.ECDG@GMAIL.COM,Dentist,https://eastcrogandental.com,https://via.placeholder.com/150
Sequoia Smiles,sequoiasmilesdmd@gmail.com,Dentist,https://sequoiasmiles.com,https://via.placeholder.com/150
Prestige Plumbing LLC,TB@prestigeplumbingatl.com,Plumber,https://prestigeplumbingatl.com,https://via.placeholder.com/150
Pedro Jimeno,contact@pedrojimeno.com,Real Estate Agent,https://pedrojimeno.com,https://via.placeholder.com/150
Slow Pour Brewing Company,info@slowpourbrewing.com,Brewery,https://slowpourbrewing.com,https://via.placeholder.com/150
Lawrenceville Auto Center,contact@lawrencevilleautocenter.com,Auto Shop,https://lawrencevilleautocenter.com,https://via.placeholder.com/150
All-Pro Landscaping,info@allprolandscaping.com,Landscaping,https://allprolandscapingga.com,https://via.placeholder.com/150
Workout Anytime Lawrenceville,lawrenceville@workoutanytime.com,Gym,https://workoutanytime.com/lawrenceville/,https://via.placeholder.com/150
Local Republic,info@thelocalrepublic.com,Restaurant,https://thelocalrepublic.com,https://via.placeholder.com/150
Slow Pour Brewing Company,info@slowpourbrewing.com,Brewery,https://slowpourbrewing.com,https://via.placeholder.com/150
Lawrenceville Auto Center,contact@lawrencevilleautocenter.com,Auto Shop,https://lawrencevilleautocenter.com,https://via.placeholder.com/150
All-Pro Landscaping,info@allprolandscaping.com,Landscaping,https://allprolandscapingga.com,https://via.placeholder.com/150
Workout Anytime Lawrenceville,lawrenceville@workoutanytime.com,Gym,https://workoutanytime.com/lawrenceville/,https://via.placeholder.com/150
Local Republic,info@thelocalrepublic.com,Restaurant,https://thelocalrepublic.com,https://via.placeholder.com/150
Blue Rooster Bake Shop and Eatery,blueroosterbakeshop@gmail.com,Bakery,https://blueroosterbakeshops.com,https://via.placeholder.com/150
Performance Power Yoga,frontdesk@ppytribe.com,Yoga Studio,https://performancepoweryoga.com,https://via.placeholder.com/150
Optimal Technologies,info@optimaltechs.com,Tech Company,https://optimaltechs.com,https://via.placeholder.com/150
E. Marie Boutique,thatsjazzytome@gmail.com,Boutique,https://emarieboutique.com,https://via.placeholder.com/150
Atlanta Bed Swings,contact@atlantabedswings.com,Furniture,https://atlantabedswings.com,https://via.placeholder.com/150
company_name,contact_name,email,website,primary_color,campaign_id
Blue Rooster Bake Shop and Eatery,Unknown,blueroosterbakeshop@gmail.com,https://www.blueroosterbakeshops.com/,Blue,campaign-011
"Special Kneads and Treats, Inc.",Unknown,info@specialkneadsandtreats.org,https://www.specialkneadsandtreats.org,Purple,campaign-011
525 Technologies,Unknown,info@525technologies.com,https://www.525technologies.com,Blue,campaign-011
NGT Technology,Unknown,info@ngttechnology.com,https://www.ngttechnology.com,Red,campaign-011
Universal Joint,Unknown,lawrenceville@ujointbar.com,https://www.ujointbar.com,Black,campaign-011
Northside Youth Organization (NYO),josh@nyosports.com,Youth Sports,https://nyosports.com,https://ui-avatars.com/api/?name=Northside+Youth+Organization
AYSO Atlanta (Region 1612),info@ayso1612.org,Youth Sports,https://ayso1612.org,https://ui-avatars.com/api/?name=AYSO+Atlanta
North Atlanta High School Athletics,aregan@apsk12.org,High School Athletics,https://apsk12.org,https://ui-avatars.com/api/?name=North+Atlanta+High+School+Athletics
Abundance Landscapes + Gardens,daniel@atlabundance.com,Landscaping,https://atlabundance.com,https://ui-avatars.com/api/?name=Abundance+Landscapes
Bloom'n Gardens Landscape,kate@bloomngardens.com,Landscaping,https://bloomngardens.com,https://ui-avatars.com/api/?name=Bloomn+Gardens+Landscape
Abstract Elements,hello@abstractelementsevents.com,Corporate Event Planners,https://abstractelementsevents.com,https://ui-avatars.com/api/?name=Abstract+Elements
Kontour Event Management,info@kontoureventmgmt.com,Corporate Event Planners,https://kontoureventmgmt.com,https://ui-avatars.com/api/?name=Kontour+Event+Management
CMJ Events,cmjeventsllc@gmail.com,Corporate Event Planners,https://cmjeventsllc.com,https://ui-avatars.com/api/?name=CMJ+Events
Open Hand Atlanta,info@openhandatlanta.org,Local Charity,https://openhandatlanta.org,https://ui-avatars.com/api/?name=Open+Hand+Atlanta
Hands On Atlanta,info@handsonatlanta.org,Local Charity,https://handsonatlanta.org,https://ui-avatars.com/api/?name=Hands+On+Atlanta
