Organization Name,Contact Email,Industry,Website,Logo URL
Alliance BJJ Roswell,info@allianceBJJroswell.com,"Martial arts academy needing custom rash guards, gi patches, and hoodies.",https://www.alliancebjjroswell.com,
Pilates Powerhouse Studio,pilateseb77@gmail.com,"Boutique Pilates studio needing branded athleisure, instructor tanks, and retail merch.",https://www.pilatespowerhousestudio.com,
Alpharetta Cleaning Co.,staci@alpharettacleaningco.com,Residential & commercial cleaning service needing matching crew uniforms and aprons.,https://www.alpharettacleaningco..com,
BlissClean Mobile Detail,service@blisscleandetail.com,Mobile auto detailer needing water-resistant crew tees and embroidered caps.,https://www.blisscleanmobiledetail.com,
Proline Pressure Washing,brent@prolinepressurewash.com,Exterior cleaning contractor needing high-vis work shirts and durable uniforms.,https://www.prolinepressurewashing.com,
Atlanta Swim Academy,info@atlantaswimacademy.com,"Swim school needing instructor rash guards, staff deck polos, and swim team merchandise.",https://www.atlantaswimacademy.com,
Radio Roasters Coffee,info@radioroasters.com,"Small-batch coffee roastery needing branded barista t-shirts, tote bags, and retail merch.",https://www.radioroasterscoffee.com,
Accent Roofing Service,contact@leaksmith.com,"Roofing & gutter contractor needing high-visibility shirts, crew workwear, and embroidered caps.",https://www.accentroofingservice.com,
Talk of the Town Catering,andrew@TOTTAtl.com,"Full-service catering firm needing chef jackets, prep aprons, and banquet staff apparel.",https://www.talkofthetowncatering.com,
Vibe Ride,info@theviberide.com,"Boutique cycling and fitness studio needing instructor tanks, retail merch, and event tees.",https://www.viberide.com,
The Swim Revolution,team@theswimrevolution.com,"Indoor swim academy needing instructor rashguards, poolside tees, and student gear.",https://www.theswimrevolution.com,
Buckhead Fight Club,info@buckheadfightclub.com,"Boxing gym & event host needing fight night event t-shirts, trainer gear, and member merch.",https://www.buckheadfightclub.com,
Lanier Plumbing Services,info@lanier-plumbing.com,"Plumbing service contractor needing embroidered polos, workwear, and company jackets.",https://www.lanier-plumbing.com,
Christian Brothers Roofing,info@christianbrothersroofingatlanta.com,"Roofing contractor needing high-visibility tees, work shirts, and safety apparel.",https://www.christianbrothersroofingatlanta.com,
Douceur de France,info@douceurdefrance.com,"French bakery & catering needing embroidered aprons, chef coats, and branded counter tees.",https://www.douceurdefrance.com,
Cultivation Brewing Co.,info@cultivationbrew.com,"Craft brewery needing branded taproom staff shirts, brewer workwear, and retail tees.",https://www.cultivationbrew.com,
Atlanta Dance Central,office@atlantadancecentral.com,"Dance academy requiring recital t-shirts, dance team warm-up jackets, and instructor uniforms.",https://www.atlantadancecentral.com,
Pro Shine Auto Detail Salon,proshinemarietta@gmail.com,Auto detailing salon needing moisture-wicking branded shop shirts and durable staff workwear.,https://www.proshinemarietta.com,
CrossFit 30004,info@crossfit30004.com,"CrossFit box needing coach apparel, member community t-shirts, and competition team gear.",https://www.crossfit30004.com,
Pie Bar,hello@orderpiebar.com,"Independent bakery needing branded staff aprons, front-counter tees, and retail merchandise.",https://www.orderpiebar.com,
Georgia Allstars,lorenzo@gaallstars.net,"Cheer & tumbling gym needing travel team jackets, practice tees, and parent spirit wear.",https://www.gaallstars.net,
Atlanta Classic Tree Service,info@atlantaclassictree.com,"Tree care crew needing high-visibility safety shirts, moisture-wicking tees, and workwear.",https://www.atlantaclassictree.com,
Painting Plus,office@paintingplus.com,"Residential painting contractor needing painter pocket tees, work shirts, and crew jackets.",https://www.paintingplus.com,
The Dog Yard,thedogyardalpharetta@gmail.com,"Dog daycare needing durable staff tees, bather aprons, and branded pet parent merch.",https://www.thedogyardalpharetta.com,
Bernhard's German Bakery & Deli,bernhard2602@gmail.com,"Artisan bakery needing embroidered aprons, chef coats, and matching counter tees.",https://www.bernhardsgermanbakery.com,
"Acorn Tree Care, Inc.",clint@acorntreecare.com,"Tree care & removal crew needing high-visibility safety shirts, moisture-wicking tees, and caps.",https://www.acorntreecare.com,
Twister Allstars,info@twisterallstars.net,"Competitive cheer & tumbling academy needing team practice tees, coach apparel, and spirit wear.",https://www.twisterallstars.net,
Crave Pie Studio,orders@cravepie.com,"Artisan bakery in Downtown Duluth needing staff aprons, bakery tees, and retail merch.",https://www.cravepie.com,
"TE Certified Electrical, Plumbing & HVAC",info@emailte.com,"Residential trade contractor needing technician work polos, branded jackets, and crew caps.",https://www.tecertifiedelectricians.com,
American Top Team Sandy Springs,info@attsandysprings.com,"Martial arts academy needing custom rashguards, student training tees, and branded gym hoodies.",https://www.attsandysprings.com,
SwimAtlanta,info@swimatlanta.com,"Competitive youth swim club needing coach polos, swimmer warmup hoodies, and championship qualifier tees.",https://www.swimatlanta.com,
Peach Coffee Roasters,info@peachcoffeeroasters.com,"Specialty small-batch coffee roaster & cafe needing barista aprons, crew tees, and retail merch.",https://www.peachcoffeeroasters.com,
Creighton Mixed Martial Arts Academy,info@creightonmma.com,"BJJ & MMA academy needing custom rash guards, student rank tees, and academy hoodies.",https://www.creightonmma.com,
Dr. Roof Atlanta,info@drroof.com,Roofing & remodeling contractor needing high-vis safety shirts and field inspector polos.,https://www.drroof.com,
Core Physique,info@corephysique.net,"Boutique personal training studio needing trainer tops, challenge finisher tees, and retail athleisure.",https://www.corephysique.net,
Roswell Youth Football & Cheer Association,contact@ryfca.com,"Premier youth sports association requiring seasonal bulk orders of team uniforms, coach polos, and fan spirit wear.",https://www.ryfca.com,
Chattahoochee Animal Clinic,1176CAC@gmail.com,"Full-service animal clinic requiring custom embroidered scrubs, lab coats, and branded staff shirts.",https://www.chattahoocheeanimalclinic.com,
Boarding Pass Coffee,info@boardingpasscoffee.com,"Independent craft coffee roaster needing custom barista aprons, staff tees, and branded retail merchandise (hoodies, t-shirts, caps).",https://www.boardingpasscoffee.com,
Associated Environmental Landscape,Dave@associatedenv.com,"Landscaping & outdoor construction contractor whose field installation crews require high-durability, moisture-wicking sun shirts and hi-vis workwear.",https://www.associatedenv.com,
Thunder Kickboxing,ThunderKboxing@live.com,"Boutique kickboxing and fitness gym in need of branded performance workout tees, tank tops, hoodies, and instructor gear.",https://www.thunderkickboxing.com,
Fleetwood Dance Center,dance.fleetwood@gmail.com,"High-enrollment dance academy requiring branded student recital tees, staff instructor apparel, and embroidered team performance warmups.",https://www.fleetwooddance.com,
Tucker Brewing Company,info@tuckerbrewing.com,"Prominent craft brewery and beer garden needing taproom shirts, seasonal event staff uniforms, and branded retail merchandise.",https://www.tuckerbrewing.com,
Duluth Dog Depot,info@duluthdogdepot.com,"Premier pet boarding, daycare, and grooming facility requiring durable wash-resistant staff handler tees and embroidered technician polos.",https://www.duluthdogdepot.com,
The Plumbarius Company,nick.plumbarius@gmail.com,"Full-service plumbing contractor requiring professional embroidered collared workwear, high-vis field crew shirts, and outerwear.",https://www.theplumbariuscompany.com,
The Imperfect Bakery,theimperfectbakeryllc@gmail.com,"Artisanal small-batch bakery and market vendor needing custom printed aprons, branded t-shirts, and tote bags for retail pop-ups.",https://www.theimperfectbakery.com,
Twissted Whiskers Pet Hotel,info@twpethotel.com,"Pet boarding and grooming facility requiring durable staff apparel, handler aprons, and daycare uniforms to present a polished, cohesive team image to pet parents.",https://twpethotel.com,
Francis Fong Martial Arts Academy,info@francisfongacademy.com,"Prominent martial arts academy needing custom-branded rashguards, student uniforms, instructor polos, and retail pro-shop merchandise.",https://francisfongacademy.com,
Green Leaf Landscaping,info@greenleaf-landscaping.com,"Full-service landscaping and lawn maintenance company needing high-visibility crew t-shirts, sun-protective long sleeves, and embroidered hats for outdoor field teams.",https://greenleaf-landscaping.com,
Bolivar Coffee,nico@bolivarcoffee.com,"Artisan Colombian coffee roastery and cafe needing branded barista aprons, printed employee t-shirts, and branded retail merchandise for customers.",https://bolivarcoffee.com,
Meer Electric,info@meerelectric.com,"Commercial and residential electrical contracting company requiring durable branded workwear, safety-rated shirts, and embroidered technician polos for on-site client calls.",https://www.meerelectric.com,
ATA Cheer,info@atacheer.com,"Competitive cheerleading gym in Cumming requiring high volumes of customized practice apparel, warmup sets, coach shirts, and fan spirit wear.",https://atacheer.com,
Blue Rooster Bake Shop and Eatery,blueroosterbakeshop@gmail.com,"Bustling downtown Lawrenceville bakery & cafe requiring branded staff aprons, barista tees, and retail merchandise for their customer base.",https://blueroosterbakeshops.com,
"White Glove Plumbing, LLC",customerservice@WhiteGlovePlumbing.com,"Premium residential plumbing service in Alpharetta needing crisp embroidered polo shirts, durable workwear, and branded outerwear.",https://www.whitegloveplumbing.com,
PeachLine Mobile Detailing,contact@peachlinemobiledetailing.com,"Mobile auto detailing team in Woodstock needing breathable moisture-wicking tees, protective hoodies, hats, and waterproof aprons.",https://peachlinemobiledetailing.com,
PowerUp Pilates,info@powerup-pilates.com,"Boutique reformer pilates studio in Johns Creek needing custom branded grip apparel, athletic tanks, and matching instructor uniforms.",https://powerup-pilates.com,
Gymnastix Training Center,info@gymnastix.net,"Premier 29,000 sq ft gymnastics & tumbling facility in Buford requiring custom coach apparel, team warm-ups, and branded pro-shop merchandise.",https://www.gymnastix.net,
Aroma Ridge Coffee Roasters,sales@aromaridge.com,"Specialty coffee roaster in Marietta needing durable embroidered barista aprons, production facility workwear, and retail merch.",https://aromaridge.com,
Suwanee Creek Heating & Cooling,info@suwaneecreekhvac.com,"Residential HVAC service contractor in Suwanee needing embroidered technician polos, high-visibility work shirts, and branded outerwear.",https://suwaneecreekhvac.com,
USA Reflections Auto Spa,Brian@usareflections.com,"High-end auto detailing & ceramic coating studio in Alpharetta needing scratch-free technician apparel, sleek moisture-wicking team shirts, and promo gear.",https://usareflections.com,
"FORM {yoga}",questions@formyoga.com,"Community yoga and wellness studio in Decatur requiring branded instructor tank tops, studio retail apparel, and promotional gear.",https://formyoga.com,
All Around Gymnastics,info@allaroundgym.com,"Competitive USAG gymnastics & youth camp facility in Alpharetta needing branded team warm-up suits, coach shirts, and event t-shirts.",https://www.allaroundgym.com,
Crystal Coat Mobile Detailing,crystalcoatmd@gmail.com,"On-site high-end vehicle detailing & ceramic coating studio in Suwanee needing durable moisture-wicking shirts, hats, and work jackets.",https://crystalcoatmobiledetailing.com,
Phoenix Roasters,info@phoenixroasters.coffee,"Independent craft coffee roaster and community cafe in Duluth with retail merch line needing branded barista t-shirts, aprons, and custom retail apparel.",https://phoenixroasters.coffee,
"D.E.W. Plumbing, Inc.",stormy@dewplumbing.com,"Established local residential & commercial plumbing contractor in Buford needing branded work shirts, hi-vis gear, and outerwear.",https://www.dewplumbing.com,
CrossFit Garage,andy@crossfitgarage.com,"Community-based CrossFit gym in Woodstock hosting fitness challenges, needing custom gym tees, hoodies, and athletic merchandise.",https://crossfitgarage.com,
The Peach Pit Gym,manager@peachpitgym.com,"Boutique gymnastics, cheer, and dance studio needing custom leotards, coach uniforms, and retail activewear.",https://peachpitgym.com,
770 Arborist Emergency Tree & Crane Service,mark@770arborist.com,"Emergency tree and crane crew needing high-visibility safety shirts, rugged workwear, and embroidered caps.",https://www.770arborist.com,
Barking Hound Village,decatur@barkinghoundvillage.com,"Luxury dog daycare and boarding facility needing durable, stain-resistant staff tees and bather aprons.",https://barkinghoundvillage.com,
East Pole Coffee Co.,order@eastpole.coffee,"Specialty craft coffee roaster and multi-location cafe needing barista aprons, staff shirts, and retail merch.",https://eastpole.coffee,
Unit 2 Fitness,info@unit2fitness.com,"Boutique combat sports & fitness gym needing custom rashguards, workout tees, and fight team hoodies.",https://unit2fitness.com,
N-Step Dance Academy,contact@nstepdance.net,"Competitive youth dance academy and company requiring custom performance warmups, embroidered apparel, and recital tees.",https://nstepdance.net,
"Bryan Electric, Inc.",info@bryanelectricinc.com,"Commercial and residential electrical contractor needing high-visibility safety workwear, durable jackets, and company polos.",https://bryanelectricinc.com,
Unleashed Pet Resort,info@unleasheddog.com,"Premier pet boarding and daycare facility requiring durable, easy-to-wash staff shirts for attendants and retail merchandise.",https://unleasheddog.com,
Belux Coffee Roasters,contact@beluxcoffee.com,"Award-winning specialty micro-roaster and tasting room ideal for custom branded retail merchandise, graphic tees, and aprons.",https://beluxcoffee.com,
Borges Brazilian Jiu-Jitsu,info@borgesbjj.com,"Martial arts academy in need of custom sublimated rash guards, branded academy t-shirts, instructor gear, and member hoodies.",https://borgesbjj.com,
Atlanta North Stars Gymnastics,atlantanorthstars@gmail.com,"With active competitive gymnastics teams, recreational classes, and seasonal youth camps, they have an ongoing need for branded coach polos, staff uniforms, and student spirit wear.",https://www.atlantanorthstars.com,
Alma Coffee,wecare@myalmacoffee.com,"A high-profile farm-to-cup craft coffee roaster and cafe needing embroidered barista aprons, cafe staff t-shirts, and retail merchandise like custom hoodies and hats.",https://myalmacoffee.com,
"ClimateSmith, LLC",contact@climatesmith.com,"A residential and light commercial HVAC specialist whose field technicians and service installers require durable embroidered workwear, moisture-wicking polos, and branded outerwear.",https://alpharetta-hvac.com,
Kearns Mobile Detailing,kearnsdetailing@gmail.com,"A mobile vehicle detailing service whose field technicians need branded moisture-wicking performance tees, sun hats, and water-resistant outerwear to maintain a professional look on client sites.",https://kearnsdetailing.com,
Johns Creek Pilates,brooke@johnscreekpilates.com,"A classical boutique Pilates studio that outfits its certified instructors with branded activewear and sells branded athletic tanks, grip socks, and crewnecks to members.",https://johnscreekpilates.com,
All Around Gymnastics,info@allaroundgym.com,"Family-owned gymnastics academy running competitive team programs, recreational classes, and seasonal youth camps requiring custom team warmups, coach apparel, and spirit wear.",https://www.allaroundgym.com,
The Village Animal Hospital,info@thevillageanimalhospital.com,"Independent full-service veterinary hospital and boarding facility with a large clinical team needing custom embroidered scrub tops, branded tech jackets, and client promotional swag.",https://www.thevillageanimalhospital.com,
PVA Plumbing,info@pvaplumbing.com,"Growing commercial and residential plumbing contractor needing durable, branded high-visibility technician workwear, pocket t-shirts, and embroidered service polos.",https://www.pvaplumbing.com,
Blue Rooster Bake Shop and Eatery,blueroosterbakeshop@gmail.com,"Beloved downtown bakery and community cafe requiring front-of-house staff t-shirts, custom embroidered kitchen aprons, and branded merchandise for loyal patrons.",https://blueroosterbakeshops.com,
Striker Fight Center,info@strikerfc.com,"Prominent martial arts, Muay Thai, and BJJ training academy with regular recurring needs for coach uniforms, branded athletic tees, fight team hoodies, and student gear.",https://strikerfightmma.com,
Rev Coffee Roasters,hello@revcoffee.com,"Rev Coffee Roasters operates a busy community café and commercial roastery in Cobb County; custom branded merchandise (t-shirts, hoodies, barista aprons, and canvas tote bags) sells quickly to their loyal local following and wholesale accounts.",https://revcoffee.com,
Dunwoody Animal Medical Center,reception@dunwoodyamc.com,"As an established AAHA-accredited animal hospital with a large clinical team of veterinarians, technicians, and kennel staff, they require recurring orders of branded custom scrubs, embroidered fleece jackets, and uniform polos.",https://dunwoodyamc.com,
Staton Heating & Air,info@statonair.com,"Dispatches technicians and HVAC installation crews daily across North Metro Atlanta, requiring durable high-visibility safety tees, embroidered company polo shirts, and branded outerwear jackets for job sites.",https://www.statonheatingandair.com,
Decatur School of Ballet,leslie@decaturballet.com,"Serving hundreds of youth and teen dancers across multiple studios in Decatur, the academy has ongoing seasonal demand for annual recital commemorative t-shirts, dancer warm-ups, and instructor staff apparel.",https://decaturballet.com,
No Excuses CrossFit,info@noexcusescrossfit.com,"An active community CrossFit box running regular intra-gym competitions, fitness challenges, and community events, generating strong recurring demand for custom performance tees, racerback tanks, and coach gear.",https://noexcusescrossfit.com,
The PawPlex,frontdesk@thepawplex.com,"Operates a full-service pet boarding, grooming, and daycare facility with high staff activity needing durable, branded work shirts, aprons, and merch for pet parents.",https://www.thepawplex.com,
Boulder Creek Coffee,info@bouldercreekcoffee.com,"Busy independent specialty coffee shop in downtown Lawrenceville requiring custom barista aprons, branded staff tees, and retail merch for their loyal community.",https://bouldercreekcoffee.com,
Amplitude Gymnastics Academy,admin@amplitudegymnastics.com,"Thriving youth gymnastics and tumbling academy needing custom coaches' polos, camp t-shirts, and branded spirit wear for competitive teams and families.",https://www.amplitudegymnastics.com,
Clarkeson Plumbing,contactus@clarkesonplumbing.com,"Commercial and residential plumbing contractor with active field crews requiring durable embroidered work shirts, high-visibility safety tees, and company caps.",https://clarkesonplumbing.com,
CrossFit Perimeter,info@crossfitperimeter.com,"High-energy functional fitness gym and HYROX affiliate needing branded member workout shirts, tanks, competition team gear, and coaching apparel.",https://www.crossfitperimeter.com,
Inspiration Martial Arts,info@tryinspirationmartialarts.com,"Prominent family martial arts and leadership academy in Johns Creek needing custom student rank t-shirts, instructor performance rashguards, summer camp tees, and parent spirit apparel.",https://tryinspirationmartialarts.com,
Krav Maga Forsyth,kravmagaforsyth@gmail.com,"Premier self-defense and tactical fitness training facility in Cumming requiring high-durability moisture-wicking training shirts, instructors' branded tactical polos, and member merchandise.",https://www.kravmagaforsyth.com,
DOTORI Bakery & Cafe,contact@dotoribakerycafe.com,"Artisan French-Korean specialty bakery and cafe in Suwanee needing embroidered staff aprons, barista tees, and branded retail merchandise (totes & caps) for their loyal customer base.",https://dotoribakerycafe.com,
Sugar Hill Plumbing,sugarhillplumbing@gmail.com,"Locally owned licensed plumbing contractor serving Gwinnett and Hall counties, with technicians in the field needing heavy-duty moisture-wicking pocket tees, embroidered work shirts, and company hats.",https://sugarhillplumbing.com,
CrossFit PPG,crossfitppg@gmail.com,"High-energy community CrossFit affiliate in Norcross needing custom branded performance workout tees, athlete muscle tanks, competition team jerseys, and coaching staff apparel.",https://crossfitppg.com,
Gwinnett Gymnastics Center,info@gwinnettgymnasticscenter.com,"Prominent gymnastics center offering competitive gymnastics teams, recreational classes, and seasonal youth camps requiring custom team warmups, coach polos, and spirit wear.",https://gwinnettgymnasticscenter.com,
The Baking Grounds Bakery & Cafe,info@thebakinggrounds.com,"Beloved community bakery and cafe needing custom embroidered barista aprons, kitchen staff t-shirts, and branded retail merchandise for foodies and catering events.",https://thebakinggrounds.com,
Rogers Electrical,Contact@RogersElectricalGA.com,"Active licensed electrical contractor with field service technicians requiring durable high-vis safety shirts, moisture-wicking pocket work tees, and embroidered company polos.",https://www.rogerselectricalga.com,
Underground Martial Arts & Fitness,info@ukamartialarts.com,"High-energy martial arts and boxing training facility with strong recurring demand for custom student rashguards, graduation tees, coach gear, and member hoodies.",https://ukamartialarts.com,
Eastside Animal Medical Center,eastsideamc@yourvetdoc.com,"Full-service 24-hour veterinary and emergency hospital with a large clinical team needing custom embroidered scrub tops, technician fleece outerwear, and client promotional swag.",https://eastsideanimal.net,
Southern Gymnastics and Cheer,info@southerngym.com,"Full-service gymnastics and cheer facility in Loganville offering competitive team programs, recreational classes, and cheer camps with ongoing demand for custom team warmups, coach polos, and spirit wear.",https://southerngym.com,
Mozart Bakery Cafe,hello@cafemozartbakery.com,"Popular multi-location artisan European-Asian bakery and espresso cafe in Duluth requiring custom embroidered barista aprons, cafe front-of-house t-shirts, and branded retail merchandise.",https://cafemozartbakery.com,
Olde Towne Animal Hospital,info@oldetowneanimalhospital.com,"Established full-service veterinary hospital in Suwanee with a dedicated team of doctors, veterinary techs, and support staff needing branded embroidered scrubs, tech fleece jackets, and clinic spirit wear.",https://oldetowneanimalhospital.com,
Team Lima MMA & Fitness,info@teamlimamma.com,"Premier MMA, Brazilian Jiu-Jitsu, Muay Thai, and boxing academy in Duluth needing custom rash guards, student training tees, coach athletic gear, and branded fight hoodies.",https://teamlimamma.com,
Krav Pro Martial Arts,info@kravpro.com,"Top self-defense, Krav Maga, and martial arts training center in Buford with regular recurring demand for student uniforms, instructor tactical polos, and graduation spirit wear.",https://kravpro.com,
